,trend,p-value,tau,Project ID,visit_no
0,no trend,0.4481871147102596,0.1171854600426029,RD3976,1.0
1,no trend,0.10429808914867866,-0.2804276804276804,RX1828,1.0
2,no trend,0.8188557178591933,-0.05330188679245283,RP0984,1.0
3,no trend,0.1586720884422106,0.22861699703804966,UI4061,1.0
4,increasing,3.8815490821519916e-07,0.9546218487394958,UD1688,1.0
5,no trend,0.2550866188915082,0.11337943002148339,UD2443,1.0
6,decreasing,0.00011245938532211674,-0.7714285714285715,UX1362,1.0
7,increasing,0.0001326638615906095,0.6408106219426974,UB1799,1.0
8,no trend,0.3095784021050152,0.16103356103356103,UY2351,1.0
9,increasing,3.695137774184509e-05,0.3469917628267595,IZ1435,1.0
10,no trend,0.7307521817045397,-0.06894472361809045,IZ2966,1.0
11,no trend,0.3592011966659405,0.19926739926739928,IF3856,1.0
12,no trend,0.13370773491926524,-0.31682854059544213,IJ2643,1.0
13,no trend,0.1538780212138653,-0.2744069912609238,NF3544,1.0
14,decreasing,0.03488919422206327,-0.156706637160551,NQ3290,1.0
15,increasing,0.028478188407115912,0.1588344449384912,NX0632,1.0
16,increasing,3.473621309302288e-05,0.44458348668874986,NE0450,1.0
17,no trend,0.0500420776622994,0.13747906863776385,NP1006,1.0
18,increasing,0.0028485188897970914,0.2765715604535095,GF0332,1.0
19,no trend,0.15482900772102082,-0.2664848742085342,GF1065,1.0
20,no trend,0.059278623805655295,0.23436284141628388,GP0251,1.0
21,decreasing,0.03691712527366153,-0.23379500909621392,ZR0822,1.0
22,no trend,0.18297812220058352,0.11630729757734248,ZN2706,1.0
23,no trend,0.25425451936648913,0.16650793650793652,ZD2068,1.0
24,increasing,0.012412090405195642,0.1507643220571131,ZD1853,1.0
25,increasing,0.001384189878498976,0.6957983193277311,ZK0529,1.0
26,no trend,0.5369523841912816,0.05443762057606928,TR1110,1.0
27,no trend,0.41320703947660875,-0.10731726162880544,TI3785,1.0
28,no trend,0.0971855499552361,0.13549727324504618,TV4037,1.0
29,no trend,0.8681837117119076,-0.01208710288483966,TP3224,1.0
30,increasing,0.006461214504004831,0.4193748065614361,SZ0162,1.0
31,no trend,0.5622198158382865,0.11152342851887617,SQ1612,1.0
32,increasing,0.002865860342693427,0.4817391304347826,SE1569,1.0
33,decreasing,3.322986026343955e-07,-0.2579362328177942,SP1040,1.0
34,no trend,0.45254831098136017,0.09697688790013595,AX3634,1.0
35,no trend,0.38510583937003195,0.07920122969284181,AY3292,1.0
36,no trend,0.07072936804335961,-0.12727868902462272,FN3246,1.0
37,increasing,0.012143567359444996,0.40784620737647875,FN1648,1.0
38,increasing,7.330561184737405e-07,0.4942503479088845,FG1244,1.0
39,increasing,0.03223965141557694,0.2988238935314144,FE3652,1.0
40,no trend,0.47228140601304003,-0.047714983932729126,OS1758,1.0
41,decreasing,1.3988854113522464e-05,-0.3504773890818126,OH1674,1.0
42,no trend,0.9211672378833418,-0.011003521126760563,OQ3385,1.0
43,no trend,0.5219640416991289,-0.08735688987727534,OX3102,1.0
44,no trend,0.44646654400328867,-0.1086714399363564,OL2236,1.0
45,no trend,0.41559170284573677,-0.10801609408851749,HU2552,1.0
46,increasing,0.012298659295306713,0.5127250155183116,HN3190,1.0
47,increasing,0.00846658049973592,0.350952507028758,HW0601,1.0
48,no trend,0.06232264809331434,0.1909479039600131,MG2402,1.0
49,increasing,2.5994739893953067e-07,0.3995060441850771,MV1402,1.0
50,no trend,0.1108298525684448,0.10353756262264172,MV2170,1.0
51,decreasing,0.00030809862732938953,-0.5497881828316611,MX2102,1.0
52,decreasing,0.012828717505785736,-0.2224511182108626,ML1270,1.0
53,decreasing,0.024754762348419446,-0.27672547199009595,JZ0818,1.0
54,decreasing,1.874012490077348e-06,-0.291904369615213,JT1469,1.0
55,increasing,4.430332845473117e-06,0.5778531663187195,JA2458,1.0
56,no trend,0.6426143540091278,0.07797734180712904,JO1154,1.0
57,decreasing,1.3261987064083769e-09,-0.33726947864065004,JB1116,1.0
58,increasing,0.03896732353762644,0.18118220935535684,CS1062,1.0
59,no trend,0.10253920749620327,-0.13378884845263458,CA1303,1.0
60,no trend,0.209288005775647,-0.1590408943807002,CQ0905,1.0
61,no trend,0.8029354659555303,0.048235782482357825,DR2183,1.0
62,no trend,0.24816994169527007,0.22941176470588234,DS0690,1.0
63,increasing,4.362069544683322e-06,0.42601283926979067,DF3079,1.0
64,increasing,0.0022058979936194767,0.29812300553241605,DQ3738,1.0
65,no trend,0.6744405335816752,-0.07357747020376779,DE3827,1.0
66,no trend,0.5276822853117182,0.12277777777777778,VJ3003,1.0
67,no trend,0.3150463772649168,-0.09892767601394484,QT2598,1.0
68,no trend,0.09151705919307807,0.3602510460251046,QH3453,1.0
69,decreasing,0.02691095310659697,-0.4290905500148119,QD0938,1.0
70,no trend,0.2023047285884645,0.18109253065774805,QW2457,1.0
71,no trend,0.8260089540194899,0.038001608722852805,XG0429,1.0
72,no trend,0.4589031216132038,-0.12233048731471445,XE0430,1.0
73,increasing,0.044189341734337084,0.17365648459553099,KZ2558,1.0
74,increasing,0.00035723695102474196,0.4081294786261428,LG2586,1.0
75,decreasing,0.005295711286957161,-0.5983193277310924,LJ1685,1.0
76,increasing,4.267848296990451e-10,0.7439071566731141,LX3781,1.0
77,no trend,0.14602154018101277,0.12139613547519779,LW2245,1.0
78,decreasing,0.0429581628398632,-0.2142757853767028,YC1602,1.0
79,increasing,0.00011303953654095977,0.8070028011204482,YV1012,1.0
80,increasing,0.0012755519708766982,0.5793969849246231,YE3158,1.0
81,decreasing,0.016938316527600916,-0.190194642660579,YK1293,1.0
82,increasing,2.14791672641379e-05,0.33617054048642236,PC0192,1.0
83,no trend,0.10045634386913593,0.2335453415693902,PC0600,1.0
84,no trend,0.4988741136434456,0.09626539531187922,PL3964,1.0
85,increasing,0.04964830437763168,0.23649214910211977,WS0898,1.0
86,no trend,0.8900560259369936,0.01628430049482681,WF2826,1.0
87,no trend,0.8565087389802419,-0.028186197177173387,WX3231,1.0
88,no trend,0.23524789238533161,-0.16122814264078206,RZ3023,2.0
89,decreasing,0.011182594936246293,-0.18866355255711942,RB0988,2.0
90,no trend,0.2370623058336696,0.12248126178323447,OX3102,2.0
91,decreasing,0.0026478578186297508,-0.4998015873015873,JJ0136,2.0
92,increasing,3.451656156450156e-07,0.8205718270571827,CR2546,2.0
93,decreasing,0.04202147185329275,-0.45518207282913165,CG1503,2.0
94,increasing,0.0002358678133511649,0.6956326987681971,CM2086,2.0
95,no trend,0.41573595436607147,0.16946778711484595,VV3912,2.0
96,increasing,8.973069842710402e-08,0.6572640752207316,QD2469,2.0
97,increasing,0.04980981220027347,0.42729096989966553,KH0067,2.0
98,decreasing,0.017853828498633817,-0.5277310924369748,LC1900,2.0
99,no trend,0.32225281472083145,0.13097810891268236,LD3298,2.0
100,no trend,0.10325171490356433,0.2104557336060916,YY0580,2.0
101,decreasing,0.00018877195548272496,-0.35356346445455356,PM2241,2.0
102,decreasing,4.795984006999987e-05,-0.30861547634257486,WP0322,2.0
103,no trend,0.76398060992744,-0.0591983556012333,LC1129,3.0
104,no trend,0.7361399028937452,-0.024564915207117042,YR3770,3.0
105,decreasing,9.241230003453893e-11,-0.45516884461120455,WM2916,3.0
106,increasing,0.0009132710184076576,0.30902066773280457,IC3651,4.0
107,increasing,8.075203214996662e-07,0.35228707859304875,SZ0828,4.0
108,increasing,0.0008778014187826866,0.6285536933581626,CN1187,4.0
109,decreasing,0.0036400864606498384,-0.18355962965515657,DD1778,4.0
110,no trend,0.31123433945227585,0.1330655338663655,ST0725,5.0
111,no trend,0.3414062297469793,-0.22520173805090007,QY3232,5.0
